  --DML:endeca_application_name_key, configuration_path_key
 
  INSERT INTO "BBB_CORE"."BBB_CONFIG_KEY_VALUE"(CONFIG_KEY,CONFIG_VALUE,CONFIG_KEY_ID) VALUES('endeca_application_name_key','bedbathbeyond','200002endeca_application_name_key');
 
  INSERT INTO "BBB_CORE"."BBB_REL_CONFIG_KEY_VALUE"(CONFIG_TYPE_ID,CONFIG_KEY_ID) values ('200002','200002endeca_application_name_key');
  
  INSERT INTO "BBB_CORE"."BBB_CONFIG_KEYS_TRANSLATIONS"(TRANSLATION_ID,SITE_ID,CHANNEL_ID, CONFIG_VALUE) VALUES('BBB70000001','BedBathUS','MobileWeb','bedbathbeyond');
  INSERT INTO "BBB_CORE"."BBB_CONFIG_KEYS_TRANSLATIONS"(TRANSLATION_ID,SITE_ID,CHANNEL_ID, CONFIG_VALUE) VALUES('BBB70000003','BedBathCanada','MobileWeb','bedbathbeyond');
  INSERT INTO "BBB_CORE"."BBB_CONFIG_KEYS_TRANSLATIONS"(TRANSLATION_ID,SITE_ID,CHANNEL_ID, CONFIG_VALUE) VALUES('BBB70000005','BuyBuyBaby','MobileWeb','bedbathbeyond');   
  INSERT INTO "BBB_CORE"."BBB_CONFIG_KEYS_TRANSLATIONS"(TRANSLATION_ID,SITE_ID,CHANNEL_ID, CONFIG_VALUE) VALUES('BBB70000002','BedBathUS','DesktopWeb','guidedselling');
  INSERT INTO "BBB_CORE"."BBB_CONFIG_KEYS_TRANSLATIONS"(TRANSLATION_ID,SITE_ID,CHANNEL_ID, CONFIG_VALUE) VALUES('BBB70000004','BedBathCanada','DesktopWeb','guidedselling');
  INSERT INTO "BBB_CORE"."BBB_CONFIG_KEYS_TRANSLATIONS"(TRANSLATION_ID,SITE_ID,CHANNEL_ID, CONFIG_VALUE) VALUES('BBB70000006','BuyBuyBaby','DesktopWeb','guidedselling');

  INSERT INTO "BBB_CORE"."BBB_CONFIG_SITE_TRANSLATN"(TRANSLATION_ID,CONFIG_KEY_ID) VALUES('BBB70000001','200002endeca_application_name_key');
  INSERT INTO "BBB_CORE"."BBB_CONFIG_SITE_TRANSLATN"(TRANSLATION_ID,CONFIG_KEY_ID) VALUES('BBB70000002','200002endeca_application_name_key');
  INSERT INTO "BBB_CORE"."BBB_CONFIG_SITE_TRANSLATN"(TRANSLATION_ID,CONFIG_KEY_ID) VALUES('BBB70000003','200002endeca_application_name_key');
  INSERT INTO "BBB_CORE"."BBB_CONFIG_SITE_TRANSLATN"(TRANSLATION_ID,CONFIG_KEY_ID) VALUES('BBB70000004','200002endeca_application_name_key');
  INSERT INTO "BBB_CORE"."BBB_CONFIG_SITE_TRANSLATN"(TRANSLATION_ID,CONFIG_KEY_ID) VALUES('BBB70000005','200002endeca_application_name_key');
  INSERT INTO "BBB_CORE"."BBB_CONFIG_SITE_TRANSLATN"(TRANSLATION_ID,CONFIG_KEY_ID) VALUES('BBB70000006','200002endeca_application_name_key');
  
  COMMIT;

  INSERT INTO "BBB_CORE"."BBB_CONFIG_KEY_VALUE"(CONFIG_KEY,CONFIG_VALUE,CONFIG_KEY_ID) VALUES('configuration_path_key','/local1/atg/weblogic/application/content/SAN/','200002configuration_path_key');

  INSERT INTO "BBB_CORE"."BBB_REL_CONFIG_KEY_VALUE"(CONFIG_TYPE_ID,CONFIG_KEY_ID) values ('200002','200002configuration_path_key');

  INSERT INTO "BBB_CORE"."BBB_CONFIG_KEYS_TRANSLATIONS"(TRANSLATION_ID,SITE_ID,CHANNEL_ID, CONFIG_VALUE) VALUES('BBB70000007','BedBathUS','MobileWeb','/local1/atg/weblogic/application/content/SAN/');
  INSERT INTO "BBB_CORE"."BBB_CONFIG_KEYS_TRANSLATIONS"(TRANSLATION_ID,SITE_ID,CHANNEL_ID, CONFIG_VALUE) VALUES('BBB70000008','BedBathCanada','MobileWeb','/local1/atg/weblogic/application/content/SAN/');
  INSERT INTO "BBB_CORE"."BBB_CONFIG_KEYS_TRANSLATIONS"(TRANSLATION_ID,SITE_ID,CHANNEL_ID, CONFIG_VALUE) VALUES('BBB70000009','BuyBuyBaby','MobileWeb','/local1/atg/weblogic/application/content/SAN/');    
  INSERT INTO "BBB_CORE"."BBB_CONFIG_KEYS_TRANSLATIONS"(TRANSLATION_ID,SITE_ID,CHANNEL_ID, CONFIG_VALUE) VALUES('BBB700000010','BedBathUS','DesktopWeb','/local1/atg/weblogic/application/content/');
  INSERT INTO "BBB_CORE"."BBB_CONFIG_KEYS_TRANSLATIONS"(TRANSLATION_ID,SITE_ID,CHANNEL_ID, CONFIG_VALUE) VALUES('BBB700000011','BedBathCanada','DesktopWeb','/local1/atg/weblogic/application/content/');
  INSERT INTO "BBB_CORE"."BBB_CONFIG_KEYS_TRANSLATIONS"(TRANSLATION_ID,SITE_ID,CHANNEL_ID, CONFIG_VALUE) VALUES('BBB700000012','BuyBuyBaby','DesktopWeb','/local1/atg/weblogic/application/content/');

  INSERT INTO "BBB_CORE"."BBB_CONFIG_SITE_TRANSLATN"(TRANSLATION_ID,CONFIG_KEY_ID) VALUES('BBB70000007','200002configuration_path_key');
  INSERT INTO "BBB_CORE"."BBB_CONFIG_SITE_TRANSLATN"(TRANSLATION_ID,CONFIG_KEY_ID) VALUES('BBB70000008','200002configuration_path_key');
  INSERT INTO "BBB_CORE"."BBB_CONFIG_SITE_TRANSLATN"(TRANSLATION_ID,CONFIG_KEY_ID) VALUES('BBB70000009','200002configuration_path_key');
  INSERT INTO "BBB_CORE"."BBB_CONFIG_SITE_TRANSLATN"(TRANSLATION_ID,CONFIG_KEY_ID) VALUES('BBB700000010','200002configuration_path_key');
  INSERT INTO "BBB_CORE"."BBB_CONFIG_SITE_TRANSLATN"(TRANSLATION_ID,CONFIG_KEY_ID) VALUES('BBB700000011','200002configuration_path_key');
  INSERT INTO "BBB_CORE"."BBB_CONFIG_SITE_TRANSLATN"(TRANSLATION_ID,CONFIG_KEY_ID) VALUES('BBB700000012','200002configuration_path_key');
  
  COMMIT; 
  
