-- Build Version : PSI8 Release Sprint 0 to 12.1
SET ECHO ON;
SET DEFINE OFF;
INSERT INTO BBB_CORE.BBB_CLIENT_INFO (CLIENT_ID,CLIENT_TOKEN,TOKEN_EXPIRATION_DATE) VALUES ('eximuser','eximuser',null);
INSERT INTO BBB_CORE.BBB_CLIENT_ROLE (ID,SEQ_NUMBER,ROLE_ID) VALUES ('eximuser','0','10003');
INSERT INTO BBB_CORE.BBB_ROLE_PERSONA (ID,ROLE_NAME,PERSONA,IS_SECURE_PERSONA,APPLICABLE_SITE_ID) VALUES ('10003','eximuser','Profile$role$eximuser','Y',null);
INSERT INTO BBB_CORE.DPS_ROLE (ROLE_ID,TYPE,VERSION,NAME,DESCRIPTION) VALUES ('eximuser',2000,4,'eximuser','Exim User');

--Sprint 7.1
UPDATE BBB_CORE.BBB_EXIM_CUSTOMIZATION_CODES SET DESCRIPTION = 'Etching' WHERE CUSTOMIZATION_CODE = 'ET';

UPDATE BBB_CORE.BBB_EXIM_CUSTOMIZATION_CODES SET DESCRIPTION = 'Monogramming' WHERE CUSTOMIZATION_CODE = 'MO';

UPDATE BBB_CORE.BBB_EXIM_CUSTOMIZATION_CODES SET DESCRIPTION = 'Printing' WHERE CUSTOMIZATION_CODE = 'SU';

UPDATE BBB_CORE.BBB_EXIM_CUSTOMIZATION_CODES SET DESCRIPTION = 'Etching-Printing' WHERE CUSTOMIZATION_CODE = 'ET-SU';

UPDATE BBB_CORE.BBB_EXIM_CUSTOMIZATION_CODES SET DESCRIPTION = 'Monogramming-Printing' WHERE CUSTOMIZATION_CODE = 'MO-SU';

--Sprint 11.1
UPDATE BBB_CORE.BBB_CUSTOMIZATION_VENDORS 
SET API_VERSION='1',
API_URL='https://apitest.bbby.katori.com/api/customizations',
BAB_CLIENT_ID='54b74255ee31cb036d92d61cb5e6fa48246d889136b8b19b',API_KEY='S2ZlMx0XBAd2qiLh7ADukVWdjqLdNpqk',
BBB_CLIENT_ID='4146a237e41426d4c98330813db16e42804f68cf8f51fb4e',CAN_CLIENT_ID='7e4f86677d070df2d7d5813e79cba3dde1743ed05877fb8e',
TBS_BBB_CLIENT_ID='4146a237e41426d4c98330813db16e42804f68cf8f51fb4e',TBS_BAB_CLIENT_ID='54b74255ee31cb036d92d61cb5e6fa48246d889136b8b19b',
TBS_CAN_CLIENT_ID='7e4f86677d070df2d7d5813e79cba3dde1743ed05877fb8e' WHERE CUSTOMIZATION_VENDOR_NAME='Katori';

UPDATE BBB_CORE.BBB_CUSTOMIZATION_VENDORS
SET API_VERSION='1',
API_URL='https://apitest.bbby.katori.com/api/customizations',
BAB_CLIENT_ID='54b74255ee31cb036d92d61cb5e6fa48246d889136b8b19b',API_KEY='S2ZlMx0XBAd2qiLh7ADukVWdjqLdNpqk',
BBB_CLIENT_ID='4146a237e41426d4c98330813db16e42804f68cf8f51fb4e',CAN_CLIENT_ID='7e4f86677d070df2d7d5813e79cba3dde1743ed05877fb8e',
TBS_BBB_CLIENT_ID='4146a237e41426d4c98330813db16e42804f68cf8f51fb4e',TBS_BAB_CLIENT_ID='54b74255ee31cb036d92d61cb5e6fa48246d889136b8b19b',
TBS_CAN_CLIENT_ID='7e4f86677d070df2d7d5813e79cba3dde1743ed05877fb8e' WHERE CUSTOMIZATION_VENDOR_NAME='katori';

--Sprint 12.1

INSERT INTO BBB_CORE.DPS_ROLE (ROLE_ID,TYPE,VERSION,NAME,DESCRIPTION) VALUES ('smart_inv_id',2000,4,'smart_inv_id','Smart User');
INSERT INTO BBB_CORE.BBB_ROLE_PERSONA (ID,ROLE_NAME,PERSONA,IS_SECURE_PERSONA,APPLICABLE_SITE_ID) VALUES ('10004','smart_inv_id','Profile$role$smart_inv_id','Y',null);
INSERT INTO BBB_CORE.BBB_CLIENT_INFO (CLIENT_ID,CLIENT_TOKEN,TOKEN_EXPIRATION_DATE) VALUES ('smart_inv_id','12xyzwinv',null);
INSERT INTO BBB_CORE.BBB_CLIENT_ROLE (ID,SEQ_NUMBER,ROLE_ID) VALUES ('smart_inv_id','0','10004');
UPDATE BBB_CORE.DPS_ROLE SET ROLE_ID='exim_inv_id',NAME='exim_inv_id' WHERE ROLE_ID='eximuser';
UPDATE BBB_CORE.BBB_ROLE_PERSONA SET PERSONA='Profile$role$exim_inv_id',ROLE_NAME='exim_inv_id' WHERE ID='10003';
UPDATE BBB_CORE.BBB_CLIENT_INFO SET CLIENT_ID='exim_inv_id',CLIENT_TOKEN='21xyzwinvexim' WHERE CLIENT_ID='eximuser';
UPDATE BBB_CORE.BBB_CLIENT_ROLE SET ID='exim_inv_id' WHERE ID='eximuser' AND SEQ_NUMBER='0';

-- Sprint 17.2

INSERT INTO BBB_CORE.DPS_ROLE(ROLE_ID,TYPE,VERSION,NAME,DESCRIPTION) VALUES ('appuser',2000,4,'appuser','ClientId and Token for Mobile App user');
INSERT INTO BBB_CORE.BBB_ROLE_PERSONA(ID,ROLE_NAME,PERSONA,IS_SECURE_PERSONA,APPLICABLE_SITE_ID) VALUES ('10005','appuser','Profile$role$appuser','Y',null);
INSERT INTO BBB_CORE.BBB_CLIENT_INFO(CLIENT_ID,CLIENT_TOKEN,TOKEN_EXPIRATION_DATE) VALUES ('appuser','34b50385-85e8-4815-914c-970262fc5bbc',null);
INSERT INTO BBB_CORE.BBB_CLIENT_ROLE(ID,SEQ_NUMBER,ROLE_ID) VALUES ('appuser','0','10005');


COMMIT;
